,accuracy,log_loss,brier_score,roc_auc
LogisticRegression,0.6842105263157895,0.6497575761386452,0.2209874985862684,0.7948717948717948
RandomForest,0.42105263157894735,0.7742070018712244,0.2892598455258872,0.641025641025641
XGBoost,0.5789473684210527,0.8667125919629765,0.28646387619427943,0.4871794871794872
GradientBoosting,0.5789473684210527,1.5341988362360082,0.3488442183295426,0.48717948717948717
